"OWC","SCCS.ID","minerva_id","eHRAF.Name","PSF.Cluster","EA.ID","General_TL5B_avg_final","Domain_prefix","TL1","TL2","TL3","TL4","Domain_name","Domain_num"
"FX13",1,1,"Khoi",NA,"Aa03",3,"General",3,3.25,3,NA,"law",1
"FX13",1,1,"Khoi",NA,"Aa03",3,"Soc",NA,NA,NA,NA,"social",2
"FX13",1,1,"Khoi",NA,"Aa03",3,"Gender",3,NA,NA,NA,"gender",3
"FX13",1,1,"Khoi",NA,"Aa03",3,"Mar",2.25,NA,NA,4,"marriage",4
"FX13",1,1,"Khoi",NA,"Aa03",3,"Sex",3,4,NA,NA,"sex",5
"FX13",1,1,"Khoi",NA,"Aa03",3,"FM",3.25,NA,NA,NA,"funeral",6
"FX10",2,2,"San",NA,"Aa01",2,"General",2.25,3,2,3.75,"law",1
"FX10",2,2,"San",NA,"Aa01",2,"Soc",1.75,2,1,4,"social",2
"FX10",2,2,"San",NA,"Aa01",2,"Gender",2.75,4,3,3.75,"gender",3
"FX10",2,2,"San",NA,"Aa01",2,"Mar",2,2.25,3,2.75,"marriage",4
"FX10",2,2,"San",NA,"Aa01",2,"Sex",3,3,3.75,3,"sex",5
"FX10",2,2,"San",NA,"Aa01",2,"FM",1,NA,NA,NA,"funeral",6
"FQ09",4,4,"Lozi","2","Ab03",3,"General",3.125,3,3.5,2.875,"law",1
"FQ09",4,4,"Lozi","2","Ab03",3,"Soc",2.5,NA,4,NA,"social",2
"FQ09",4,4,"Lozi","2","Ab03",3,"Gender",3.5,NA,NA,NA,"gender",3
"FQ09",4,4,"Lozi","2","Ab03",3,"Mar",2.75,2.875,3.125,2.875,"marriage",4
"FQ09",4,4,"Lozi","2","Ab03",3,"Sex",2.75,3,3.25,2.375,"sex",5
"FQ09",4,4,"Lozi","2","Ab03",3,"FM",3,4,3.5,2.875,"funeral",6
"FP13",5,5,"Ovimbundu",NA,"Ab05",3.75,"General",3.875,3.75,4,3,"law",1
"FP13",5,5,"Ovimbundu",NA,"Ab05",3.75,"Soc",3.875,3.75,3.375,4,"social",2
"FP13",5,5,"Ovimbundu",NA,"Ab05",3.75,"Gender",4,NA,4,3.75,"gender",3
"FP13",5,5,"Ovimbundu",NA,"Ab05",3.75,"Mar",3.75,NA,3.5,4,"marriage",4
"FP13",5,5,"Ovimbundu",NA,"Ab05",3.75,"Sex",3.875,3,3.75,3,"sex",5
"FP13",5,5,"Ovimbundu",NA,"Ab05",3.75,"FM",3.75,4,4,4,"funeral",6
"FQ05",7,7,"Bemba","3","Ac03",4,"General",3.875,3.5,3.875,4,"law",1
"FQ05",7,7,"Bemba","3","Ac03",4,"Soc",2.125,2,NA,NA,"social",2
"FQ05",7,7,"Bemba","3","Ac03",4,"Gender",3.125,4,3.625,NA,"gender",3
"FQ05",7,7,"Bemba","3","Ac03",4,"Mar",3.75,3,3,4,"marriage",4
"FQ05",7,7,"Bemba","3","Ac03",4,"Sex",4,4,4,3,"sex",5
"FQ05",7,7,"Bemba","3","Ac03",4,"FM",3,NA,NA,NA,"funeral",6
"FN17",8,8,"Nyakyusa and Ngonde",NA,"Ad06",3.125,"General",3.125,4,3.375,3,"law",1
"FN17",8,8,"Nyakyusa and Ngonde",NA,"Ad06",3.125,"Soc",3,NA,NA,NA,"social",2
"FN17",8,8,"Nyakyusa and Ngonde",NA,"Ad06",3.125,"Gender",3.375,3,3.25,NA,"gender",3
"FN17",8,8,"Nyakyusa and Ngonde",NA,"Ad06",3.125,"Mar",2.5,3.25,3.25,2.5,"marriage",4
"FN17",8,8,"Nyakyusa and Ngonde",NA,"Ad06",3.125,"Sex",3.5,4,3.5,2,"sex",5
"FN17",8,8,"Nyakyusa and Ngonde",NA,"Ad06",3.125,"FM",4,4,3.125,NA,"funeral",6
"FK07",12,12,"Ganda","4","Ad07",4,"General",4,4,4,3.375,"law",1
"FK07",12,12,"Ganda","4","Ad07",4,"Soc",3.125,4,4,NA,"social",2
"FK07",12,12,"Ganda","4","Ad07",4,"Gender",4,4,3.625,3.125,"gender",3
"FK07",12,12,"Ganda","4","Ad07",4,"Mar",3.125,3.25,3.75,NA,"marriage",4
"FK07",12,12,"Ganda","4","Ad07",4,"Sex",4,4,3.375,2,"sex",5
"FK07",12,12,"Ganda","4","Ad07",4,"FM",4,4,3.375,4,"funeral",6
"FO04",13,13,"Mbuti","1","Aa05",1,"General",1,2,2,3,"law",1
"FO04",13,13,"Mbuti","1","Aa05",1,"Soc",1,3,3,NA,"social",2
"FO04",13,13,"Mbuti","1","Aa05",1,"Gender",1,NA,NA,NA,"gender",3
"FO04",13,13,"Mbuti","1","Aa05",1,"Mar",2,NA,NA,NA,"marriage",4
"FO04",13,13,"Mbuti","1","Aa05",1,"Sex",1.25,2.75,NA,NA,"sex",5
"FO04",13,13,"Mbuti","1","Aa05",1,"FM",1.75,NA,NA,NA,"funeral",6
"FF57",16,16,"Tiv","9","Ah03",3,"General",3.125,3,3.875,2.5,"law",1
"FF57",16,16,"Tiv","9","Ah03",3,"Soc",2.75,2.375,3.625,2.125,"social",2
"FF57",16,16,"Tiv","9","Ah03",3,"Gender",3.125,2,3.875,3,"gender",3
"FF57",16,16,"Tiv","9","Ah03",3,"Mar",3,NA,3,3,"marriage",4
"FF57",16,16,"Tiv","9","Ah03",3,"Sex",3.375,3,3.875,3.125,"sex",5
"FF57",16,16,"Tiv","9","Ah03",3,"FM",3.125,4,4,4,"funeral",6
"FE12",19,19,"Akan","6","Af03",4,"General",4,3.125,4,3.125,"law",1
"FE12",19,19,"Akan","6","Af03",4,"Soc",3.75,3.875,3.25,3,"social",2
"FE12",19,19,"Akan","6","Af03",4,"Gender",4,4,3.75,4,"gender",3
"FE12",19,19,"Akan","6","Af03",4,"Mar",4,4,3.5,4,"marriage",4
"FE12",19,19,"Akan","6","Af03",4,"Sex",4,4,4,3,"sex",5
"FE12",19,19,"Akan","6","Af03",4,"FM",4,4,4,4,"funeral",6
"MS30",21,21,"Wolof","7","Cb02",3,"General",1,3,3,NA,"law",1
"MS30",21,21,"Wolof","7","Cb02",3,"Soc",NA,NA,NA,NA,"social",2
"MS30",21,21,"Wolof","7","Cb02",3,"Gender",NA,NA,NA,NA,"gender",3
"MS30",21,21,"Wolof","7","Cb02",3,"Mar",3,3,2,NA,"marriage",4
"MS30",21,21,"Wolof","7","Cb02",3,"Sex",3,4,3,NA,"sex",5
"MS30",21,21,"Wolof","7","Cb02",3,"FM",3,NA,NA,NA,"funeral",6
"FA08",22,22,"Bambara",NA,"Ag01",3.25,"General",2.75,3.75,3.75,3,"law",1
"FA08",22,22,"Bambara",NA,"Ag01",3.25,"Soc",4,NA,4,NA,"social",2
"FA08",22,22,"Bambara",NA,"Ag01",3.25,"Gender",3.75,4,4,NA,"gender",3
"FA08",22,22,"Bambara",NA,"Ag01",3.25,"Mar",3,4,4,3.75,"marriage",4
"FA08",22,22,"Bambara",NA,"Ag01",3.25,"Sex",2.25,3.25,2.75,NA,"sex",5
"FA08",22,22,"Bambara",NA,"Ag01",3.25,"FM",4,4,4,4,"funeral",6
"FE11",23,23,"Tallensi",NA,"Ag04",3,"General",3,3.25,3.75,4,"law",1
"FE11",23,23,"Tallensi",NA,"Ag04",3,"Soc",2.75,3,3.25,3.75,"social",2
"FE11",23,23,"Tallensi",NA,"Ag04",3,"Gender",2.75,NA,NA,NA,"gender",3
"FE11",23,23,"Tallensi",NA,"Ag04",3,"Mar",3.25,NA,3.25,3.75,"marriage",4
"FE11",23,23,"Tallensi",NA,"Ag04",3,"Sex",3.25,3.75,3.75,3.25,"sex",5
"FE11",23,23,"Tallensi",NA,"Ag04",3,"FM",3.75,NA,NA,NA,"funeral",6
"MS20",24,24,"Songhai",NA,"Cb03",NA,"General",3.25,4,4,4,"law",1
"MS20",24,24,"Songhai",NA,"Cb03",NA,"Soc",3.25,NA,3.75,NA,"social",2
"MS20",24,24,"Songhai",NA,"Cb03",NA,"Gender",3.25,NA,NA,NA,"gender",3
"MS20",24,24,"Songhai",NA,"Cb03",NA,"Mar",3.75,NA,NA,4,"marriage",4
"MS20",24,24,"Songhai",NA,"Cb03",NA,"Sex",NA,NA,NA,3.25,"sex",5
"MS20",24,24,"Songhai",NA,"Cb03",NA,"FM",NA,NA,NA,NA,"funeral",6
"MS11",25,25,"Fulani",NA,"Cb24",NA,"General",NA,NA,NA,NA,"law",1
"MS11",25,25,"Fulani",NA,"Cb24",NA,"Soc",NA,NA,NA,NA,"social",2
"MS11",25,25,"Fulani",NA,"Cb24",NA,"Gender",NA,NA,NA,NA,"gender",3
"MS11",25,25,"Fulani",NA,"Cb24",NA,"Mar",NA,NA,NA,NA,"marriage",4
"MS11",25,25,"Fulani",NA,"Cb24",NA,"Sex",NA,NA,NA,NA,"sex",5
"MS11",25,25,"Fulani",NA,"Cb24",NA,"FM",NA,NA,NA,NA,"funeral",6
"MS12",26,26,"Hausa","10","Cb26",4,"General",3.875,3.875,3.875,NA,"law",1
"MS12",26,26,"Hausa","10","Cb26",4,"Soc",3,NA,NA,NA,"social",2
"MS12",26,26,"Hausa","10","Cb26",4,"Gender",3.875,NA,NA,3,"gender",3
"MS12",26,26,"Hausa","10","Cb26",4,"Mar",3,2,3,2.375,"marriage",4
"MS12",26,26,"Hausa","10","Cb26",4,"Sex",3.625,3.5,3.625,NA,"sex",5
"MS12",26,26,"Hausa","10","Cb26",4,"FM",NA,NA,NA,NA,"funeral",6
"FI21",27,27,"Masa",NA,"Ai09",NA,"General",NA,NA,NA,NA,"law",1
"FI21",27,27,"Masa",NA,"Ai09",NA,"Soc",NA,NA,NA,NA,"social",2
"FI21",27,27,"Masa",NA,"Ai09",NA,"Gender",NA,NA,NA,NA,"gender",3
"FI21",27,27,"Masa",NA,"Ai09",NA,"Mar",NA,NA,NA,NA,"marriage",4
"FI21",27,27,"Masa",NA,"Ai09",NA,"Sex",NA,NA,NA,NA,"sex",5
"FI21",27,27,"Masa",NA,"Ai09",NA,"FM",NA,NA,NA,NA,"funeral",6
"FO07",28,28,"Azande","5","Ai03",4,"General",3.875,3.875,4,3.875,"law",1
"FO07",28,28,"Azande","5","Ai03",4,"Soc",3.125,NA,NA,NA,"social",2
"FO07",28,28,"Azande","5","Ai03",4,"Gender",4,NA,NA,4,"gender",3
"FO07",28,28,"Azande","5","Ai03",4,"Mar",4,3.125,4,3.25,"marriage",4
"FO07",28,28,"Azande","5","Ai03",4,"Sex",3.5,3,3.875,3.75,"sex",5
"FO07",28,28,"Azande","5","Ai03",4,"FM",3.875,3.5,3.875,4,"funeral",6
"MQ08",29,29,"Fur",NA,"Cb17",3.25,"General",3.25,4,3.25,3.25,"law",1
"MQ08",29,29,"Fur",NA,"Cb17",3.25,"Soc",4,4,4,4,"social",2
"MQ08",29,29,"Fur",NA,"Cb17",3.25,"Gender",3.25,NA,NA,4,"gender",3
"MQ08",29,29,"Fur",NA,"Cb17",3.25,"Mar",2.75,NA,NA,NA,"marriage",4
"MQ08",29,29,"Fur",NA,"Cb17",3.25,"Sex",2.25,3,3,1,"sex",5
"MQ08",29,29,"Fur",NA,"Cb17",3.25,"FM",2.25,NA,NA,NA,"funeral",6
"FJ21",30,30,"Nuba",NA,"Ai10",2.75,"General",3,3,3.25,2.75,"law",1
"FJ21",30,30,"Nuba",NA,"Ai10",2.75,"Soc",3.25,3.25,3.75,4,"social",2
"FJ21",30,30,"Nuba",NA,"Ai10",2.75,"Gender",NA,NA,NA,NA,"gender",3
"FJ21",30,30,"Nuba",NA,"Ai10",2.75,"Mar",2.25,NA,NA,2.25,"marriage",4
"FJ21",30,30,"Nuba",NA,"Ai10",2.75,"Sex",1.75,2.25,3.25,1.25,"sex",5
"FJ21",30,30,"Nuba",NA,"Ai10",2.75,"FM",NA,NA,NA,NA,"funeral",6
"MP19",32,32,"Mao",NA,"Ai47",3,"General",3,NA,NA,NA,"law",1
"MP19",32,32,"Mao",NA,"Ai47",3,"Soc",3,NA,NA,NA,"social",2
"MP19",32,32,"Mao",NA,"Ai47",3,"Gender",2,NA,NA,NA,"gender",3
"MP19",32,32,"Mao",NA,"Ai47",3,"Mar",3,NA,NA,NA,"marriage",4
"MP19",32,32,"Mao",NA,"Ai47",3,"Sex",3.25,3.75,2.25,NA,"sex",5
"MP19",32,32,"Mao",NA,"Ai47",3,"FM",4,NA,NA,NA,"funeral",6
"FL12",34,34,"Maasai","11","Aj02",NA,"General",NA,NA,NA,NA,"law",1
"FL12",34,34,"Maasai","11","Aj02",NA,"Soc",NA,NA,NA,NA,"social",2
"FL12",34,34,"Maasai","11","Aj02",NA,"Gender",NA,NA,NA,NA,"gender",3
"FL12",34,34,"Maasai","11","Aj02",NA,"Mar",NA,NA,NA,NA,"marriage",4
"FL12",34,34,"Maasai","11","Aj02",NA,"Sex",NA,NA,NA,NA,"sex",5
"FL12",34,34,"Maasai","11","Aj02",NA,"FM",NA,NA,NA,NA,"funeral",6
"MP17",35,35,"Konso",NA,"Ca01",NA,"General",NA,NA,NA,NA,"law",1
"MP17",35,35,"Konso",NA,"Ca01",NA,"Soc",NA,NA,NA,NA,"social",2
"MP17",35,35,"Konso",NA,"Ca01",NA,"Gender",NA,NA,NA,NA,"gender",3
"MP17",35,35,"Konso",NA,"Ca01",NA,"Mar",NA,NA,NA,NA,"marriage",4
"MP17",35,35,"Konso",NA,"Ca01",NA,"Sex",NA,NA,NA,NA,"sex",5
"MP17",35,35,"Konso",NA,"Ca01",NA,"FM",NA,NA,NA,NA,"funeral",6
"MO04",36,36,"Somali","12","Ca02",3.25,"General",3,3.25,3.75,3.25,"law",1
"MO04",36,36,"Somali","12","Ca02",3.25,"Soc",3,NA,NA,NA,"social",2
"MO04",36,36,"Somali","12","Ca02",3.25,"Gender",4,3.25,3.25,3.75,"gender",3
"MO04",36,36,"Somali","12","Ca02",3.25,"Mar",3,NA,NA,3.25,"marriage",4
"MO04",36,36,"Somali","12","Ca02",3.25,"Sex",NA,NA,NA,NA,"sex",5
"MO04",36,36,"Somali","12","Ca02",3.25,"FM",3,NA,NA,3.75,"funeral",6
"MP05",37,37,"Amhara","17","Ca07",3,"General",4,2.75,2.75,3,"law",1
"MP05",37,37,"Amhara","17","Ca07",3,"Soc",3,4,4,NA,"social",2
"MP05",37,37,"Amhara","17","Ca07",3,"Gender",4,3,3,3.75,"gender",3
"MP05",37,37,"Amhara","17","Ca07",3,"Mar",2.75,4,1,2,"marriage",4
"MP05",37,37,"Amhara","17","Ca07",3,"Sex",3,2.75,3,NA,"sex",5
"MP05",37,37,"Amhara","17","Ca07",3,"FM",4,NA,NA,NA,"funeral",6
"MS22",40,40,"Teda",NA,"Cc02",3,"General",2.75,4,3,3,"law",1
"MS22",40,40,"Teda",NA,"Cc02",3,"Soc",3,3,2.75,NA,"social",2
"MS22",40,40,"Teda",NA,"Cc02",3,"Gender",2.25,NA,NA,2.25,"gender",3
"MS22",40,40,"Teda",NA,"Cc02",3,"Mar",3,3.75,4,3.75,"marriage",4
"MS22",40,40,"Teda",NA,"Cc02",3,"Sex",3,3.25,3.25,4,"sex",5
"MS22",40,40,"Teda",NA,"Cc02",3,"FM",3.25,3,2.75,3,"funeral",6
"MX03",42,42,"Berbers of Morocco",NA,"Cd03",3.125,"General",4,3.875,2.625,NA,"law",1
"MX03",42,42,"Berbers of Morocco",NA,"Cd03",3.125,"Soc",NA,NA,NA,NA,"social",2
"MX03",42,42,"Berbers of Morocco",NA,"Cd03",3.125,"Gender",3.75,NA,NA,NA,"gender",3
"MX03",42,42,"Berbers of Morocco",NA,"Cd03",3.125,"Mar",2.875,NA,NA,2.75,"marriage",4
"MX03",42,42,"Berbers of Morocco",NA,"Cd03",3.125,"Sex",3.5,3.375,3.875,NA,"sex",5
"MX03",42,42,"Berbers of Morocco",NA,"Cd03",3.125,"FM",4,NA,NA,3,"funeral",6
"MR13",43,43,"Fellahin",NA,"Cd02",4,"General",4,4,3.25,3.75,"law",1
"MR13",43,43,"Fellahin",NA,"Cd02",4,"Soc",4,4,4,NA,"social",2
"MR13",43,43,"Fellahin",NA,"Cd02",4,"Gender",4,NA,NA,4,"gender",3
"MR13",43,43,"Fellahin",NA,"Cd02",4,"Mar",3.75,NA,NA,4,"marriage",4
"MR13",43,43,"Fellahin",NA,"Cd02",4,"Sex",4,4,NA,3.25,"sex",5
"MR13",43,43,"Fellahin",NA,"Cd02",4,"FM",NA,NA,NA,NA,"funeral",6
"MD04",46,46,"Rwala Bedouin",NA,"Cj02",2.875,"General",3.5,NA,2,4,"law",1
"MD04",46,46,"Rwala Bedouin",NA,"Cj02",2.875,"Soc",NA,NA,NA,NA,"social",2
"MD04",46,46,"Rwala Bedouin",NA,"Cj02",2.875,"Gender",NA,NA,NA,NA,"gender",3
"MD04",46,46,"Rwala Bedouin",NA,"Cj02",2.875,"Mar",2.125,NA,NA,NA,"marriage",4
"MD04",46,46,"Rwala Bedouin",NA,"Cj02",2.875,"Sex",4,4,4,NA,"sex",5
"MD04",46,46,"Rwala Bedouin",NA,"Cj02",2.875,"FM",1.375,NA,NA,NA,"funeral",6
"MB01",47,47,"Turks",NA,"Ci05",3,"General",3,3.625,3,4,"law",1
"MB01",47,47,"Turks",NA,"Ci05",3,"Soc",2.125,1.75,1,NA,"social",2
"MB01",47,47,"Turks",NA,"Ci05",3,"Gender",4,3.375,4,NA,"gender",3
"MB01",47,47,"Turks",NA,"Ci05",3,"Mar",2.875,2.875,3,2.5,"marriage",4
"MB01",47,47,"Turks",NA,"Ci05",3,"Sex",3.625,4,4,3.125,"sex",5
"MB01",47,47,"Turks",NA,"Ci05",3,"FM",NA,NA,NA,NA,"funeral",6
"ER06",51,51,"Rural Irish",NA,"Cg03",3.75,"General",3.75,3.25,3.75,3.75,"law",1
"ER06",51,51,"Rural Irish",NA,"Cg03",3.75,"Soc",4,4,4,NA,"social",2
"ER06",51,51,"Rural Irish",NA,"Cg03",3.75,"Gender",3.75,NA,3.25,3.75,"gender",3
"ER06",51,51,"Rural Irish",NA,"Cg03",3.75,"Mar",3.25,NA,NA,3.25,"marriage",4
"ER06",51,51,"Rural Irish",NA,"Cg03",3.75,"Sex",4,NA,4,3.25,"sex",5
"ER06",51,51,"Rural Irish",NA,"Cg03",3.75,"FM",4,NA,NA,4,"funeral",6
"EP04",52,52,"Saami","20","Cg04",2,"General",2.25,4,3.25,NA,"law",1
"EP04",52,52,"Saami","20","Cg04",2,"Soc",NA,NA,NA,NA,"social",2
"EP04",52,52,"Saami","20","Cg04",2,"Gender",1.75,NA,NA,NA,"gender",3
"EP04",52,52,"Saami","20","Cg04",2,"Mar",2,4,3,4,"marriage",4
"EP04",52,52,"Saami","20","Cg04",2,"Sex",2.25,NA,NA,NA,"sex",5
"EP04",52,52,"Saami","20","Cg04",2,"FM",NA,NA,NA,NA,"funeral",6
"RU41",53,53,"Nenets",NA,"Ec04",3,"General",2,3,3,NA,"law",1
"RU41",53,53,"Nenets",NA,"Ec04",3,"Soc",NA,NA,NA,NA,"social",2
"RU41",53,53,"Nenets",NA,"Ec04",3,"Gender",3.25,3.25,3,4,"gender",3
"RU41",53,53,"Nenets",NA,"Ec04",3,"Mar",3.25,NA,NA,NA,"marriage",4
"RU41",53,53,"Nenets",NA,"Ec04",3,"Sex",NA,NA,NA,NA,"sex",5
"RU41",53,53,"Nenets",NA,"Ec04",3,"FM",2.75,4,NA,4,"funeral",6
"RF10",54,54,"Russians",NA,"Ch11",4,"General",4,3.75,4,3.75,"law",1
"RF10",54,54,"Russians",NA,"Ch11",4,"Soc",4,4,4,NA,"social",2
"RF10",54,54,"Russians",NA,"Ch11",4,"Gender",3.75,NA,NA,4,"gender",3
"RF10",54,54,"Russians",NA,"Ch11",4,"Mar",4,4,4,4,"marriage",4
"RF10",54,54,"Russians",NA,"Ch11",4,"Sex",NA,NA,NA,NA,"sex",5
"RF10",54,54,"Russians",NA,"Ch11",4,"FM",4,NA,NA,3.75,"funeral",6
"RI03",55,55,"Abkhazians",NA,"Ci12",3.5,"General",3,3.625,3.75,NA,"law",1
"RI03",55,55,"Abkhazians",NA,"Ci12",3.5,"Soc",NA,NA,NA,NA,"social",2
"RI03",55,55,"Abkhazians",NA,"Ci12",3.5,"Gender",1.875,NA,NA,NA,"gender",3
"RI03",55,55,"Abkhazians",NA,"Ci12",3.5,"Mar",3.375,NA,NA,2.25,"marriage",4
"RI03",55,55,"Abkhazians",NA,"Ci12",3.5,"Sex",NA,NA,NA,NA,"sex",5
"RI03",55,55,"Abkhazians",NA,"Ci12",3.5,"FM",3.625,4,3.5,3.625,"funeral",6
"MA11",57,57,"Kurds","21","Ci11",3.25,"General",3,3.25,3.75,2.75,"law",1
"MA11",57,57,"Kurds","21","Ci11",3.25,"Soc",2.75,NA,NA,2,"social",2
"MA11",57,57,"Kurds","21","Ci11",3.25,"Gender",3.25,3.75,3.75,2.75,"gender",3
"MA11",57,57,"Kurds","21","Ci11",3.25,"Mar",3.25,3.75,4,3,"marriage",4
"MA11",57,57,"Kurds","21","Ci11",3.25,"Sex",3.75,4,4,3,"sex",5
"MA11",57,57,"Kurds","21","Ci11",3.25,"FM",3.25,NA,NA,3.25,"funeral",6
"MA10",58,58,"Basseri",NA,"Ea06",3,"General",2.125,3.125,2.375,3.125,"law",1
"MA10",58,58,"Basseri",NA,"Ea06",3,"Soc",2.25,NA,NA,NA,"social",2
"MA10",58,58,"Basseri",NA,"Ea06",3,"Gender",2.375,NA,NA,4,"gender",3
"MA10",58,58,"Basseri",NA,"Ea06",3,"Mar",3.875,4,4,3.25,"marriage",4
"MA10",58,58,"Basseri",NA,"Ea06",3,"Sex",3.5,4,3,4,"sex",5
"MA10",58,58,"Basseri",NA,"Ea06",3,"FM",2.875,NA,NA,3,"funeral",6
"AT03",59,59,"West Punjabi",NA,"Ea13",NA,"General",NA,NA,NA,NA,"law",1
"AT03",59,59,"West Punjabi",NA,"Ea13",NA,"Soc",NA,NA,NA,NA,"social",2
"AT03",59,59,"West Punjabi",NA,"Ea13",NA,"Gender",NA,NA,NA,NA,"gender",3
"AT03",59,59,"West Punjabi",NA,"Ea13",NA,"Mar",NA,NA,NA,NA,"marriage",4
"AT03",59,59,"West Punjabi",NA,"Ea13",NA,"Sex",NA,NA,NA,NA,"sex",5
"AT03",59,59,"West Punjabi",NA,"Ea13",NA,"FM",NA,NA,NA,NA,"funeral",6
"AW32",60,60,"Gond",NA,"Eg13",3,"General",2.125,3.125,3.125,3.625,"law",1
"AW32",60,60,"Gond",NA,"Eg13",3,"Soc",3,3,2,NA,"social",2
"AW32",60,60,"Gond",NA,"Eg13",3,"Gender",3.125,NA,4,NA,"gender",3
"AW32",60,60,"Gond",NA,"Eg13",3,"Mar",1.5,NA,NA,4,"marriage",4
"AW32",60,60,"Gond",NA,"Eg13",3,"Sex",3.125,3.5,4,NA,"sex",5
"AW32",60,60,"Gond",NA,"Eg13",3,"FM",3,4,4,4,"funeral",6
"AW42",62,62,"Santal","28","Ef01",3.75,"General",3.875,4,4,3.125,"law",1
"AW42",62,62,"Santal","28","Ef01",3.75,"Soc",2.875,NA,NA,NA,"social",2
"AW42",62,62,"Santal","28","Ef01",3.75,"Gender",3.25,NA,3.25,3.5,"gender",3
"AW42",62,62,"Santal","28","Ef01",3.75,"Mar",3.75,4,3,4,"marriage",4
"AW42",62,62,"Santal","28","Ef01",3.75,"Sex",2.875,3.125,3.25,2.75,"sex",5
"AW42",62,62,"Santal","28","Ef01",3.75,"FM",4,4,4,4,"funeral",6
"AW19",63,63,"Uttar Pradesh",NA,"Ef11",3.875,"General",3.75,NA,3.5,NA,"law",1
"AW19",63,63,"Uttar Pradesh",NA,"Ef11",3.875,"Soc",NA,NA,NA,NA,"social",2
"AW19",63,63,"Uttar Pradesh",NA,"Ef11",3.875,"Gender",3.125,NA,NA,NA,"gender",3
"AW19",63,63,"Uttar Pradesh",NA,"Ef11",3.875,"Mar",4,4,3.5,4,"marriage",4
"AW19",63,63,"Uttar Pradesh",NA,"Ef11",3.875,"Sex",NA,NA,NA,NA,"sex",5
"AW19",63,63,"Uttar Pradesh",NA,"Ef11",3.875,"FM",4,NA,NA,4,"funeral",6
"AV07",64,64,"Burusho",NA,"Ee02",1.75,"General",2,1.5,1.125,4,"law",1
"AV07",64,64,"Burusho",NA,"Ee02",1.75,"Soc",1.75,2.375,1.5,4,"social",2
"AV07",64,64,"Burusho",NA,"Ee02",1.75,"Gender",1.5,NA,NA,NA,"gender",3
"AV07",64,64,"Burusho",NA,"Ee02",1.75,"Mar",2.125,NA,NA,NA,"marriage",4
"AV07",64,64,"Burusho",NA,"Ee02",1.75,"Sex",2.375,4,3.5,4,"sex",5
"AV07",64,64,"Burusho",NA,"Ee02",1.75,"FM",NA,NA,NA,NA,"funeral",6
"RQ02",65,65,"Kazakh",NA,"Eb01",3.25,"General",3.75,3.75,3.25,4,"law",1
"RQ02",65,65,"Kazakh",NA,"Eb01",3.25,"Soc",NA,NA,NA,NA,"social",2
"RQ02",65,65,"Kazakh",NA,"Eb01",3.25,"Gender",3.75,NA,NA,3.25,"gender",3
"RQ02",65,65,"Kazakh",NA,"Eb01",3.25,"Mar",3.25,3.25,3.25,3.75,"marriage",4
"RQ02",65,65,"Kazakh",NA,"Eb01",3.25,"Sex",3.25,3.75,3.25,3,"sex",5
"RQ02",65,65,"Kazakh",NA,"Eb01",3.25,"FM",3.25,NA,NA,3,"funeral",6
"AH01",66,66,"Mongolia",NA,"Eb03",2.75,"General",3,3.25,4,2.75,"law",1
"AH01",66,66,"Mongolia",NA,"Eb03",2.75,"Soc",NA,4,4,NA,"social",2
"AH01",66,66,"Mongolia",NA,"Eb03",2.75,"Gender",1,NA,NA,NA,"gender",3
"AH01",66,66,"Mongolia",NA,"Eb03",2.75,"Mar",2.25,NA,NA,2,"marriage",4
"AH01",66,66,"Mongolia",NA,"Eb03",2.75,"Sex",NA,NA,NA,NA,"sex",5
"AH01",66,66,"Mongolia",NA,"Eb03",2.75,"FM",2.25,NA,NA,NA,"funeral",6
"AK05",68,68,"Lepcha",NA,"Ee03",3,"General",2.25,3,3.75,4,"law",1
"AK05",68,68,"Lepcha",NA,"Ee03",3,"Soc",3,4,4,3,"social",2
"AK05",68,68,"Lepcha",NA,"Ee03",3,"Gender",1.25,3,3,NA,"gender",3
"AK05",68,68,"Lepcha",NA,"Ee03",3,"Mar",3.25,3.75,3,3.75,"marriage",4
"AK05",68,68,"Lepcha",NA,"Ee03",3,"Sex",2.25,4,4,3,"sex",5
"AK05",68,68,"Lepcha",NA,"Ee03",3,"FM",3.75,4,4,4,"funeral",6
"AR05",69,69,"Garo","27","Ei01",3,"General",3.125,3,2.875,3.25,"law",1
"AR05",69,69,"Garo","27","Ei01",3,"Soc",3.125,2.25,2.25,3.125,"social",2
"AR05",69,69,"Garo","27","Ei01",3,"Gender",3,NA,NA,4,"gender",3
"AR05",69,69,"Garo","27","Ei01",3,"Mar",3.25,4,2.875,3,"marriage",4
"AR05",69,69,"Garo","27","Ei01",3,"Sex",2.125,2.5,2.125,2,"sex",5
"AR05",69,69,"Garo","27","Ei01",3,"FM",4,NA,NA,4,"funeral",6
"AR20",70,70,"Mara",NA,"Ei04",2.25,"General",2.25,2.75,2.75,4,"law",1
"AR20",70,70,"Mara",NA,"Ei04",2.25,"Soc",1.25,2,3,NA,"social",2
"AR20",70,70,"Mara",NA,"Ei04",2.25,"Gender",2.75,NA,3,4,"gender",3
"AR20",70,70,"Mara",NA,"Ei04",2.25,"Mar",2.75,2,2.75,3.25,"marriage",4
"AR20",70,70,"Mara",NA,"Ei04",2.25,"Sex",1.25,2,1.75,4,"sex",5
"AR20",70,70,"Mara",NA,"Ei04",2.25,"FM",NA,NA,NA,NA,"funeral",6
"AP04",71,71,"Burmans",NA,"Ei03",2,"General",1.75,4,2.25,NA,"law",1
"AP04",71,71,"Burmans",NA,"Ei03",2,"Soc",2,2.75,3,NA,"social",2
"AP04",71,71,"Burmans",NA,"Ei03",2,"Gender",1.75,NA,NA,NA,"gender",3
"AP04",71,71,"Burmans",NA,"Ei03",2,"Mar",1.75,NA,NA,NA,"marriage",4
"AP04",71,71,"Burmans",NA,"Ei03",2,"Sex",2.75,4,2.25,3,"sex",5
"AP04",71,71,"Burmans",NA,"Ei03",2,"FM",3,3.25,3,4,"funeral",6
"AM28",72,72,"Rmeet",NA,"Ej01",NA,"General",NA,NA,NA,NA,"law",1
"AM28",72,72,"Rmeet",NA,"Ej01",NA,"Soc",NA,NA,NA,NA,"social",2
"AM28",72,72,"Rmeet",NA,"Ej01",NA,"Gender",NA,NA,NA,NA,"gender",3
"AM28",72,72,"Rmeet",NA,"Ej01",NA,"Mar",NA,NA,NA,NA,"marriage",4
"AM28",72,72,"Rmeet",NA,"Ej01",NA,"Sex",NA,NA,NA,NA,"sex",5
"AM28",72,72,"Rmeet",NA,"Ej01",NA,"FM",NA,NA,NA,NA,"funeral",6
"AM11",73,73,"Vietnamese",NA,"Ej04",3,"General",2.75,3,3.25,2.25,"law",1
"AM11",73,73,"Vietnamese",NA,"Ej04",3,"Soc",NA,NA,NA,NA,"social",2
"AM11",73,73,"Vietnamese",NA,"Ej04",3,"Gender",3,NA,NA,NA,"gender",3
"AM11",73,73,"Vietnamese",NA,"Ej04",3,"Mar",NA,NA,NA,NA,"marriage",4
"AM11",73,73,"Vietnamese",NA,"Ej04",3,"Sex",NA,NA,NA,NA,"sex",5
"AM11",73,73,"Vietnamese",NA,"Ej04",3,"FM",3.75,NA,NA,NA,"funeral",6
"AO07",76,76,"Central Thai","30","Ej09",2.125,"General",2,3.875,3.875,3.875,"law",1
"AO07",76,76,"Central Thai","30","Ej09",2.125,"Soc",2.5,1.125,1.625,3.75,"social",2
"AO07",76,76,"Central Thai","30","Ej09",2.125,"Gender",1,2,NA,3.25,"gender",3
"AO07",76,76,"Central Thai","30","Ej09",2.125,"Mar",1.125,1.25,3.25,NA,"marriage",4
"AO07",76,76,"Central Thai","30","Ej09",2.125,"Sex",2.125,3.5,2.625,2.875,"sex",5
"AO07",76,76,"Central Thai","30","Ej09",2.125,"FM",3.5,3.375,2.875,4,"funeral",6
"AZ02",79,79,"Andamans","31","Eh01",2.75,"General",3.25,2.5,2.875,4,"law",1
"AZ02",79,79,"Andamans","31","Eh01",2.75,"Soc",2.25,NA,1,4,"social",2
"AZ02",79,79,"Andamans","31","Eh01",2.75,"Gender",2.875,NA,NA,NA,"gender",3
"AZ02",79,79,"Andamans","31","Eh01",2.75,"Mar",2.5,NA,NA,2.5,"marriage",4
"AZ02",79,79,"Andamans","31","Eh01",2.75,"Sex",2,2,1,2,"sex",5
"AZ02",79,79,"Andamans","31","Eh01",2.75,"FM",3,NA,NA,NA,"funeral",6
"OE05",83,83,"Javanese",NA,"Ib02",1.75,"General",2,1.75,2,2,"law",1
"OE05",83,83,"Javanese",NA,"Ib02",1.75,"Soc",2.25,2.25,2.25,4,"social",2
"OE05",83,83,"Javanese",NA,"Ib02",1.75,"Gender",2,NA,NA,2.25,"gender",3
"OE05",83,83,"Javanese",NA,"Ib02",1.75,"Mar",2.25,NA,NA,1.75,"marriage",4
"OE05",83,83,"Javanese",NA,"Ib02",1.75,"Sex",1.75,1.25,1.25,2,"sex",5
"OE05",83,83,"Javanese",NA,"Ib02",1.75,"FM",3,NA,NA,3.25,"funeral",6
"OF07",84,84,"Balinese",NA,"Ib03",3,"General",3,3.125,3.375,3,"law",1
"OF07",84,84,"Balinese",NA,"Ib03",3,"Soc",3,1,1,3.125,"social",2
"OF07",84,84,"Balinese",NA,"Ib03",3,"Gender",2.375,NA,NA,3,"gender",3
"OF07",84,84,"Balinese",NA,"Ib03",3,"Mar",3.125,2.375,3,3,"marriage",4
"OF07",84,84,"Balinese",NA,"Ib03",3,"Sex",2.5,2.125,3.75,3.875,"sex",5
"OF07",84,84,"Balinese",NA,"Ib03",3,"FM",4,4,3.875,4,"funeral",6
"OC06",85,85,"Iban","33","Ib01",NA,"General",3.25,4,3,2.75,"law",1
"OC06",85,85,"Iban","33","Ib01",NA,"Soc",NA,NA,NA,NA,"social",2
"OC06",85,85,"Iban","33","Ib01",NA,"Gender",2.25,2.25,2,3,"gender",3
"OC06",85,85,"Iban","33","Ib01",NA,"Mar",2,3.25,3.25,4,"marriage",4
"OC06",85,85,"Iban","33","Ib01",NA,"Sex",3.25,4,3.25,4,"sex",5
"OC06",85,85,"Iban","33","Ib01",NA,"FM",4,3.25,3.25,4,"funeral",6
"OA08",86,86,"Sama-Bajau",NA,"Ia13",NA,"General",NA,NA,NA,NA,"law",1
"OA08",86,86,"Sama-Bajau",NA,"Ia13",NA,"Soc",NA,NA,NA,NA,"social",2
"OA08",86,86,"Sama-Bajau",NA,"Ia13",NA,"Gender",NA,NA,NA,NA,"gender",3
"OA08",86,86,"Sama-Bajau",NA,"Ia13",NA,"Mar",NA,NA,NA,NA,"marriage",4
"OA08",86,86,"Sama-Bajau",NA,"Ia13",NA,"Sex",NA,NA,NA,NA,"sex",5
"OA08",86,86,"Sama-Bajau",NA,"Ia13",NA,"FM",NA,NA,NA,NA,"funeral",6
"OG11",87,87,"Eastern Toraja","34","Ic05",3.25,"General",4,4,3.875,2.875,"law",1
"OG11",87,87,"Eastern Toraja","34","Ic05",3.25,"Soc",3,2.125,2.125,2.625,"social",2
"OG11",87,87,"Eastern Toraja","34","Ic05",3.25,"Gender",3.75,NA,2,3.375,"gender",3
"OG11",87,87,"Eastern Toraja","34","Ic05",3.25,"Mar",3,4,3.5,2.125,"marriage",4
"OG11",87,87,"Eastern Toraja","34","Ic05",3.25,"Sex",2.5,4,3.625,2,"sex",5
"OG11",87,87,"Eastern Toraja","34","Ic05",3.25,"FM",4,4,4,4,"funeral",6
"OI20",90,90,"Tiwi",NA,"Id03",3,"General",3,3,3.25,NA,"law",1
"OI20",90,90,"Tiwi",NA,"Id03",3,"Soc",2.125,NA,NA,NA,"social",2
"OI20",90,90,"Tiwi",NA,"Id03",3,"Gender",3.875,NA,NA,NA,"gender",3
"OI20",90,90,"Tiwi",NA,"Id03",3,"Mar",2.75,NA,NA,NA,"marriage",4
"OI20",90,90,"Tiwi",NA,"Id03",3,"Sex",2.875,3.125,3.125,1,"sex",5
"OI20",90,90,"Tiwi",NA,"Id03",3,"FM",3.375,4,4,4,"funeral",6
"OI08",91,91,"Aranda","35","Id01",3.875,"General",4,4,3.875,4,"law",1
"OI08",91,91,"Aranda","35","Id01",3.875,"Soc",3.25,3.375,4,4,"social",2
"OI08",91,91,"Aranda","35","Id01",3.875,"Gender",3.5,4,3.5,NA,"gender",3
"OI08",91,91,"Aranda","35","Id01",3.875,"Mar",3.875,4,4,3.75,"marriage",4
"OI08",91,91,"Aranda","35","Id01",3.875,"Sex",3.5,4,3.5,NA,"sex",5
"OI08",91,91,"Aranda","35","Id01",3.875,"FM",4,4,4,4,"funeral",6
"OJ23",92,92,"Orokaiva",NA,"Ie09",2,"General",2.25,4,3.75,2.75,"law",1
"OJ23",92,92,"Orokaiva",NA,"Ie09",2,"Soc",1.25,2,2.75,NA,"social",2
"OJ23",92,92,"Orokaiva",NA,"Ie09",2,"Gender",3.75,4,4,4,"gender",3
"OJ23",92,92,"Orokaiva",NA,"Ie09",2,"Mar",1.25,NA,NA,1,"marriage",4
"OJ23",92,92,"Orokaiva",NA,"Ie09",2,"Sex",2.25,NA,NA,NA,"sex",5
"OJ23",92,92,"Orokaiva",NA,"Ie09",2,"FM",3,NA,NA,2.75,"funeral",6
"OJ82",93,93,"Kimam",NA,"Ie18",3,"General",3.25,4,3.75,3,"law",1
"OJ82",93,93,"Kimam",NA,"Ie18",3,"Soc",2,2.75,2,NA,"social",2
"OJ82",93,93,"Kimam",NA,"Ie18",3,"Gender",3,4,3,NA,"gender",3
"OJ82",93,93,"Kimam",NA,"Ie18",3,"Mar",2.25,NA,NA,3.75,"marriage",4
"OJ82",93,93,"Kimam",NA,"Ie18",3,"Sex",3,3.75,3,NA,"sex",5
"OJ82",93,93,"Kimam",NA,"Ie18",3,"FM",4,4,4,4,"funeral",6
"OJ29",94,94,"Kapauku","36","Ie01",3,"General",3.5,3.625,3.75,2.875,"law",1
"OJ29",94,94,"Kapauku","36","Ie01",3,"Soc",2.125,3.125,2.75,4,"social",2
"OJ29",94,94,"Kapauku","36","Ie01",3,"Gender",3.25,3.625,3.375,3.875,"gender",3
"OJ29",94,94,"Kapauku","36","Ie01",3,"Mar",3.125,4,4,2.625,"marriage",4
"OJ29",94,94,"Kapauku","36","Ie01",3,"Sex",2.875,3.625,3.5,1.75,"sex",5
"OJ29",94,94,"Kapauku","36","Ie01",3,"FM",2.875,4,3.75,3.25,"funeral",6
"OM06",96,96,"Manus",NA,"Ig09",3.75,"General",3.625,3.875,3.875,3.875,"law",1
"OM06",96,96,"Manus",NA,"Ig09",3.75,"Soc",2.5,3.5,3,3.75,"social",2
"OM06",96,96,"Manus",NA,"Ig09",3.75,"Gender",3.125,4,4,NA,"gender",3
"OM06",96,96,"Manus",NA,"Ig09",3.75,"Mar",3,4,4,3,"marriage",4
"OM06",96,96,"Manus",NA,"Ig09",3.75,"Sex",3.875,4,3.75,4,"sex",5
"OM06",96,96,"Manus",NA,"Ig09",3.75,"FM",4,NA,NA,4,"funeral",6
"OL06",98,98,"Trobriands","38","Ig02",2,"General",2.5,2.125,3.125,3,"law",1
"OL06",98,98,"Trobriands","38","Ig02",2,"Soc",2.75,2.125,2.125,NA,"social",2
"OL06",98,98,"Trobriands","38","Ig02",2,"Gender",2.75,3.25,3.25,4,"gender",3
"OL06",98,98,"Trobriands","38","Ig02",2,"Mar",2.375,2.5,2.25,3.25,"marriage",4
"OL06",98,98,"Trobriands","38","Ig02",2,"Sex",1.875,2.375,2.25,1.625,"sex",5
"OL06",98,98,"Trobriands","38","Ig02",2,"FM",4,3.625,3.25,4,"funeral",6
"ON19",99,99,"Siwai",NA,"Ig01",3,"General",3.25,3.75,3.75,2.75,"law",1
"ON19",99,99,"Siwai",NA,"Ig01",3,"Soc",1.25,1,1.75,4,"social",2
"ON19",99,99,"Siwai",NA,"Ig01",3,"Gender",3.25,NA,NA,3.25,"gender",3
"ON19",99,99,"Siwai",NA,"Ig01",3,"Mar",3.25,3,3.25,2.75,"marriage",4
"ON19",99,99,"Siwai",NA,"Ig01",3,"Sex",2.75,2.75,3,2.25,"sex",5
"ON19",99,99,"Siwai",NA,"Ig01",3,"FM",3.75,3.25,3,3.75,"funeral",6
"OT11",100,100,"Tikopia","40","Ii02",2.75,"General",2.75,2.75,3.25,3,"law",1
"OT11",100,100,"Tikopia","40","Ii02",2.75,"Soc",2.75,1.75,2.25,4,"social",2
"OT11",100,100,"Tikopia","40","Ii02",2.75,"Gender",3,NA,NA,3.75,"gender",3
"OT11",100,100,"Tikopia","40","Ii02",2.75,"Mar",2.25,NA,3.25,3,"marriage",4
"OT11",100,100,"Tikopia","40","Ii02",2.75,"Sex",2.75,NA,3.25,2.75,"sex",5
"OT11",100,100,"Tikopia","40","Ii02",2.75,"FM",3,2,2,NA,"funeral",6
"OQ12",102,102,"Bau Fijians",NA,"Ih14",NA,"General",NA,NA,NA,NA,"law",1
"OQ12",102,102,"Bau Fijians",NA,"Ih14",NA,"Soc",NA,NA,NA,NA,"social",2
"OQ12",102,102,"Bau Fijians",NA,"Ih14",NA,"Gender",NA,NA,NA,NA,"gender",3
"OQ12",102,102,"Bau Fijians",NA,"Ih14",NA,"Mar",NA,NA,NA,NA,"marriage",4
"OQ12",102,102,"Bau Fijians",NA,"Ih14",NA,"Sex",NA,NA,NA,NA,"sex",5
"OQ12",102,102,"Bau Fijians",NA,"Ih14",NA,"FM",NA,NA,NA,NA,"funeral",6
"OZ04",104,104,"Maori",NA,"Ij02",3.75,"General",3.75,4,4,2.125,"law",1
"OZ04",104,104,"Maori",NA,"Ij02",3.75,"Soc",4,1,1.5,4,"social",2
"OZ04",104,104,"Maori",NA,"Ij02",3.75,"Gender",3.75,4,3.375,3,"gender",3
"OZ04",104,104,"Maori",NA,"Ij02",3.75,"Mar",3.25,NA,3.875,3,"marriage",4
"OZ04",104,104,"Maori",NA,"Ij02",3.75,"Sex",4,4,4,3,"sex",5
"OZ04",104,104,"Maori",NA,"Ij02",3.75,"FM",3.875,4,3.875,3.5,"funeral",6
"OU08",106,106,"Samoans",NA,"Ii14",4,"General",2.625,3.875,4,3.625,"law",1
"OU08",106,106,"Samoans",NA,"Ii14",4,"Soc",2.75,NA,NA,NA,"social",2
"OU08",106,106,"Samoans",NA,"Ii14",4,"Gender",NA,NA,NA,NA,"gender",3
"OU08",106,106,"Samoans",NA,"Ii14",4,"Mar",3.5,4,4,2.5,"marriage",4
"OU08",106,106,"Samoans",NA,"Ii14",4,"Sex",3.375,4,4,1.875,"sex",5
"OU08",106,106,"Samoans",NA,"Ii14",4,"FM",3.375,4,3.5,NA,"funeral",6
"OR11",108,108,"Marshallese",NA,"If17",3,"General",3.75,4,4,3,"law",1
"OR11",108,108,"Marshallese",NA,"If17",3,"Soc",2.25,2,3,4,"social",2
"OR11",108,108,"Marshallese",NA,"If17",3,"Gender",3,NA,NA,3.75,"gender",3
"OR11",108,108,"Marshallese",NA,"If17",3,"Mar",2,NA,NA,NA,"marriage",4
"OR11",108,108,"Marshallese",NA,"If17",3,"Sex",2.25,3.75,3.75,NA,"sex",5
"OR11",108,108,"Marshallese",NA,"If17",3,"FM",2.75,NA,NA,NA,"funeral",6
"OR19",109,109,"Chuuk","37","If02",3.125,"General",3.75,3,2.875,3,"law",1
"OR19",109,109,"Chuuk","37","If02",3.125,"Soc",2.125,3,3.5,NA,"social",2
"OR19",109,109,"Chuuk","37","If02",3.125,"Gender",3.5,4,4,NA,"gender",3
"OR19",109,109,"Chuuk","37","If02",3.125,"Mar",2.75,3.125,3,3.125,"marriage",4
"OR19",109,109,"Chuuk","37","If02",3.125,"Sex",2.75,2.5,2.5,1,"sex",5
"OR19",109,109,"Chuuk","37","If02",3.125,"FM",2.875,NA,NA,NA,"funeral",6
"OR22",110,110,"Yapese",NA,"If06",3,"General",3.25,4,4,3.75,"law",1
"OR22",110,110,"Yapese",NA,"If06",3,"Soc",NA,NA,NA,NA,"social",2
"OR22",110,110,"Yapese",NA,"If06",3,"Gender",3,NA,3,3.25,"gender",3
"OR22",110,110,"Yapese",NA,"If06",3,"Mar",1.75,NA,NA,2,"marriage",4
"OR22",110,110,"Yapese",NA,"If06",3,"Sex",2.25,3,3,NA,"sex",5
"OR22",110,110,"Yapese",NA,"If06",3,"FM",2.75,3,3,NA,"funeral",6
"OA19",112,112,"Ifugao","32","Ia03",2,"General",2.125,2.875,3,NA,"law",1
"OA19",112,112,"Ifugao","32","Ia03",2,"Soc",NA,NA,NA,NA,"social",2
"OA19",112,112,"Ifugao","32","Ia03",2,"Gender",1.125,NA,NA,3,"gender",3
"OA19",112,112,"Ifugao","32","Ia03",2,"Mar",1.125,3.5,1.875,2,"marriage",4
"OA19",112,112,"Ifugao","32","Ia03",2,"Sex",2.5,3,2,3,"sex",5
"OA19",112,112,"Ifugao","32","Ia03",2,"FM",3.375,3.625,4,4,"funeral",6
"AA01",116,116,"Korea","25","Ed01",3.875,"General",3.875,3.875,3.875,2.125,"law",1
"AA01",116,116,"Korea","25","Ed01",3.875,"Soc",3.125,3.375,4,3.25,"social",2
"AA01",116,116,"Korea","25","Ed01",3.875,"Gender",3.875,4,NA,3,"gender",3
"AA01",116,116,"Korea","25","Ed01",3.875,"Mar",3.875,NA,NA,4,"marriage",4
"AA01",116,116,"Korea","25","Ed01",3.875,"Sex",4,3.125,2.875,2.875,"sex",5
"AA01",116,116,"Korea","25","Ed01",3.875,"FM",3.875,NA,NA,3.875,"funeral",6
"AB43",117,117,"Okayama",NA,"Ed05",NA,"General",3.75,3.75,3.75,3.75,"law",1
"AB43",117,117,"Okayama",NA,"Ed05",NA,"Soc",3.25,3,3.75,3.75,"social",2
"AB43",117,117,"Okayama",NA,"Ed05",NA,"Gender",3.75,3.25,3.75,3.75,"gender",3
"AB43",117,117,"Okayama",NA,"Ed05",NA,"Mar",NA,NA,NA,NA,"marriage",4
"AB43",117,117,"Okayama",NA,"Ed05",NA,"Sex",3.25,NA,3.25,NA,"sex",5
"AB43",117,117,"Okayama",NA,"Ed05",NA,"FM",3.75,NA,NA,4,"funeral",6
"AB06",118,118,"Ainu",NA,"Ec07",2.25,"General",1.75,3,3.25,NA,"law",1
"AB06",118,118,"Ainu",NA,"Ec07",2.25,"Soc",NA,NA,NA,NA,"social",2
"AB06",118,118,"Ainu",NA,"Ec07",2.25,"Gender",2.25,NA,NA,3,"gender",3
"AB06",118,118,"Ainu",NA,"Ec07",2.25,"Mar",1,NA,NA,1.75,"marriage",4
"AB06",118,118,"Ainu",NA,"Ec07",2.25,"Sex",NA,NA,NA,NA,"sex",5
"AB06",118,118,"Ainu",NA,"Ec07",2.25,"FM",2.75,3,3,3,"funeral",6
"RX02",119,119,"Nivkh",NA,"Ec01",3,"General",3.75,4,4,4,"law",1
"RX02",119,119,"Nivkh",NA,"Ec01",3,"Soc",3,NA,NA,NA,"social",2
"RX02",119,119,"Nivkh",NA,"Ec01",3,"Gender",2.25,NA,NA,NA,"gender",3
"RX02",119,119,"Nivkh",NA,"Ec01",3,"Mar",3.25,4,2.75,3,"marriage",4
"RX02",119,119,"Nivkh",NA,"Ec01",3,"Sex",2,3,3.75,3.75,"sex",5
"RX02",119,119,"Nivkh",NA,"Ec01",3,"FM",3.25,4,NA,4,"funeral",6
"RY02",121,121,"Chukchee","24","Ec03",1.25,"General",1,1.25,3,1.75,"law",1
"RY02",121,121,"Chukchee","24","Ec03",1.25,"Soc",1.25,NA,NA,NA,"social",2
"RY02",121,121,"Chukchee","24","Ec03",1.25,"Gender",2.25,NA,NA,2,"gender",3
"RY02",121,121,"Chukchee","24","Ec03",1.25,"Mar",1,NA,NA,NA,"marriage",4
"RY02",121,121,"Chukchee","24","Ec03",1.25,"Sex",NA,NA,NA,NA,"sex",5
"RY02",121,121,"Chukchee","24","Ec03",1.25,"FM",2.75,NA,NA,NA,"funeral",6
"ND08",124,124,"Copper Inuit","41","Na03",1.25,"General",1.25,NA,NA,NA,"law",1
"ND08",124,124,"Copper Inuit","41","Na03",1.25,"Soc",1,2,2,NA,"social",2
"ND08",124,124,"Copper Inuit","41","Na03",1.25,"Gender",1,NA,NA,NA,"gender",3
"ND08",124,124,"Copper Inuit","41","Na03",1.25,"Mar",1.25,NA,NA,NA,"marriage",4
"ND08",124,124,"Copper Inuit","41","Na03",1.25,"Sex",NA,NA,NA,NA,"sex",5
"ND08",124,124,"Copper Inuit","41","Na03",1.25,"FM",2.25,2.75,4,NA,"funeral",6
"NG06",127,127,"Ojibwa","42","Na33",NA,"General",NA,NA,NA,NA,"law",1
"NG06",127,127,"Ojibwa","42","Na33",NA,"Soc",NA,NA,NA,NA,"social",2
"NG06",127,127,"Ojibwa","42","Na33",NA,"Gender",NA,NA,NA,NA,"gender",3
"NG06",127,127,"Ojibwa","42","Na33",NA,"Mar",NA,NA,NA,NA,"marriage",4
"NG06",127,127,"Ojibwa","42","Na33",NA,"Sex",NA,NA,NA,NA,"sex",5
"NG06",127,127,"Ojibwa","42","Na33",NA,"FM",NA,NA,NA,NA,"funeral",6
"NA07",130,130,"Eyak",NA,"Nb05",2.5,"General",3,2,2,3,"law",1
"NA07",130,130,"Eyak",NA,"Nb05",2.5,"Soc",3,2,NA,NA,"social",2
"NA07",130,130,"Eyak",NA,"Nb05",2.5,"Gender",3,NA,NA,NA,"gender",3
"NA07",130,130,"Eyak",NA,"Nb05",2.5,"Mar",NA,NA,NA,NA,"marriage",4
"NA07",130,130,"Eyak",NA,"Nb05",2.5,"Sex",4,2,NA,NA,"sex",5
"NA07",130,130,"Eyak",NA,"Nb05",2.5,"FM",NA,NA,NA,NA,"funeral",6
"NE09",131,131,"Haida",NA,"Nb01",3.125,"General",3.5,3.625,3.125,3.125,"law",1
"NE09",131,131,"Haida",NA,"Nb01",3.125,"Soc",3.125,NA,NA,NA,"social",2
"NE09",131,131,"Haida",NA,"Nb01",3.125,"Gender",2.125,1.5,2,NA,"gender",3
"NE09",131,131,"Haida",NA,"Nb01",3.125,"Mar",3.125,3,3,3,"marriage",4
"NE09",131,131,"Haida",NA,"Nb01",3.125,"Sex",3,3,3,3,"sex",5
"NE09",131,131,"Haida",NA,"Nb01",3.125,"FM",4,NA,NA,4,"funeral",6
"NE06",132,132,"Nuxalk",NA,"Nb09",3,"General",3.25,3.75,3.25,4,"law",1
"NE06",132,132,"Nuxalk",NA,"Nb09",3,"Soc",3.25,4,4,4,"social",2
"NE06",132,132,"Nuxalk",NA,"Nb09",3,"Gender",2.75,4,3,NA,"gender",3
"NE06",132,132,"Nuxalk",NA,"Nb09",3,"Mar",2.75,3,3,2.25,"marriage",4
"NE06",132,132,"Nuxalk",NA,"Nb09",3,"Sex",3.75,3,3.25,2.25,"sex",5
"NE06",132,132,"Nuxalk",NA,"Nb09",3,"FM",3.25,4,4,4,"funeral",6
"NS18",135,135,"Pomo",NA,"Nc18",3.25,"General",3.125,4,3.875,3.75,"law",1
"NS18",135,135,"Pomo",NA,"Nc18",3.25,"Soc",3.75,2,2.875,3,"social",2
"NS18",135,135,"Pomo",NA,"Nc18",3.25,"Gender",3.25,NA,NA,4,"gender",3
"NS18",135,135,"Pomo",NA,"Nc18",3.25,"Mar",2.5,NA,NA,4,"marriage",4
"NS18",135,135,"Pomo",NA,"Nc18",3.25,"Sex",2.875,3,3,3,"sex",5
"NS18",135,135,"Pomo",NA,"Nc18",3.25,"FM",3.875,4,3.75,4,"funeral",6
"NS29",136,136,"Yokuts",NA,"Nc24",2.75,"General",2.75,3.375,4,3.5,"law",1
"NS29",136,136,"Yokuts",NA,"Nc24",2.75,"Soc",2.75,NA,2.25,4,"social",2
"NS29",136,136,"Yokuts",NA,"Nc24",2.75,"Gender",3.125,NA,NA,3,"gender",3
"NS29",136,136,"Yokuts",NA,"Nc24",2.75,"Mar",2.875,1.5,3.125,3,"marriage",4
"NS29",136,136,"Yokuts",NA,"Nc24",2.75,"Sex",2.75,2,3,2.875,"sex",5
"NS29",136,136,"Yokuts",NA,"Nc24",2.75,"FM",3.375,NA,4,4,"funeral",6
"NR10",138,138,"Klamath","44","Nc08",NA,"General",NA,NA,NA,NA,"law",1
"NR10",138,138,"Klamath","44","Nc08",NA,"Soc",NA,NA,NA,NA,"social",2
"NR10",138,138,"Klamath","44","Nc08",NA,"Gender",NA,NA,NA,NA,"gender",3
"NR10",138,138,"Klamath","44","Nc08",NA,"Mar",NA,NA,NA,NA,"marriage",4
"NR10",138,138,"Klamath","44","Nc08",NA,"Sex",NA,NA,NA,NA,"sex",5
"NR10",138,138,"Klamath","44","Nc08",NA,"FM",NA,NA,NA,NA,"funeral",6
"NQ14",141,141,"Hidatsa",NA,"Ne15",1.25,"General",2,1.25,1.75,3,"law",1
"NQ14",141,141,"Hidatsa",NA,"Ne15",1.25,"Soc",NA,NA,NA,NA,"social",2
"NQ14",141,141,"Hidatsa",NA,"Ne15",1.25,"Gender",1.75,NA,NA,NA,"gender",3
"NQ14",141,141,"Hidatsa",NA,"Ne15",1.25,"Mar",1.25,1,1,NA,"marriage",4
"NQ14",141,141,"Hidatsa",NA,"Ne15",1.25,"Sex",NA,NA,NA,NA,"sex",5
"NQ14",141,141,"Hidatsa",NA,"Ne15",1.25,"FM",NA,NA,NA,NA,"funeral",6
"NQ18",142,142,"Pawnee","46","Nf06",2.25,"General",2.25,2.25,2.75,4,"law",1
"NQ18",142,142,"Pawnee","46","Nf06",2.25,"Soc",2.25,NA,NA,NA,"social",2
"NQ18",142,142,"Pawnee","46","Nf06",2.25,"Gender",2.25,NA,NA,NA,"gender",3
"NQ18",142,142,"Pawnee","46","Nf06",2.25,"Mar",2.25,NA,NA,2,"marriage",4
"NQ18",142,142,"Pawnee","46","Nf06",2.25,"Sex",3.25,2.75,NA,NA,"sex",5
"NQ18",142,142,"Pawnee","46","Nf06",2.25,"FM",1.25,NA,NA,NA,"funeral",6
"NG05",144,144,"Huron/Wendat",NA,"Ng01",2,"General",2.25,2,3,2,"law",1
"NG05",144,144,"Huron/Wendat",NA,"Ng01",2,"Soc",1.25,NA,NA,NA,"social",2
"NG05",144,144,"Huron/Wendat",NA,"Ng01",2,"Gender",2,NA,NA,NA,"gender",3
"NG05",144,144,"Huron/Wendat",NA,"Ng01",2,"Mar",2.25,NA,NA,NA,"marriage",4
"NG05",144,144,"Huron/Wendat",NA,"Ng01",2,"Sex",1,NA,NA,NA,"sex",5
"NG05",144,144,"Huron/Wendat",NA,"Ng01",2,"FM",3.75,NA,NA,NA,"funeral",6
"NT14",150,150,"Havasupai",NA,"Nd03",1.75,"General",1.25,1.25,2,2,"law",1
"NT14",150,150,"Havasupai",NA,"Nd03",1.75,"Soc",1.25,2,2,NA,"social",2
"NT14",150,150,"Havasupai",NA,"Nd03",1.75,"Gender",2.75,2,2.75,3,"gender",3
"NT14",150,150,"Havasupai",NA,"Nd03",1.75,"Mar",1.75,1.75,2,2.75,"marriage",4
"NT14",150,150,"Havasupai",NA,"Nd03",1.75,"Sex",2.833333333,2.75,2.75,2,"sex",5
"NT14",150,150,"Havasupai",NA,"Nd03",1.75,"FM",1.75,NA,NA,NA,"funeral",6
"NU79",151,151,"O'odham",NA,"Ni02",2.25,"General",NA,3,3,4,"law",1
"NU79",151,151,"O'odham",NA,"Ni02",2.25,"Soc",3,1,NA,NA,"social",2
"NU79",151,151,"O'odham",NA,"Ni02",2.25,"Gender",3,3,NA,NA,"gender",3
"NU79",151,151,"O'odham",NA,"Ni02",2.25,"Mar",3,3,3,NA,"marriage",4
"NU79",151,151,"O'odham",NA,"Ni02",2.25,"Sex",2,3,4,NA,"sex",5
"NU79",151,151,"O'odham",NA,"Ni02",2.25,"FM",3,NA,NA,NA,"funeral",6
"NU30",154,154,"Popoluca",NA,"Nj03",3.25,"General",3.25,3.75,3.75,2.75,"law",1
"NU30",154,154,"Popoluca",NA,"Nj03",3.25,"Soc",3,NA,NA,NA,"social",2
"NU30",154,154,"Popoluca",NA,"Nj03",3.25,"Gender",3,3,4,3,"gender",3
"NU30",154,154,"Popoluca",NA,"Nj03",3.25,"Mar",3.25,NA,NA,NA,"marriage",4
"NU30",154,154,"Popoluca",NA,"Nj03",3.25,"Sex",3.75,3.75,3.75,2.75,"sex",5
"NU30",154,154,"Popoluca",NA,"Nj03",3.25,"FM",4,NA,NA,NA,"funeral",6
"SA15",156,156,"Miskito",NA,"Sa09",3,"General",3.25,3.625,3.5,NA,"law",1
"SA15",156,156,"Miskito",NA,"Sa09",3,"Soc",1.625,1,1.5,NA,"social",2
"SA15",156,156,"Miskito",NA,"Sa09",3,"Gender",3.875,3.5,3.25,NA,"gender",3
"SA15",156,156,"Miskito",NA,"Sa09",3,"Mar",3,NA,3.25,NA,"marriage",4
"SA15",156,156,"Miskito",NA,"Sa09",3,"Sex",4,NA,4,NA,"sex",5
"SA15",156,156,"Miskito",NA,"Sa09",3,"FM",3.875,NA,NA,NA,"funeral",6
"SB05",158,158,"Kuna","51","Sa01",3.75,"General",3.625,4,3.75,3,"law",1
"SB05",158,158,"Kuna","51","Sa01",3.75,"Soc",3.875,NA,NA,3.875,"social",2
"SB05",158,158,"Kuna","51","Sa01",3.75,"Gender",3.375,NA,4,NA,"gender",3
"SB05",158,158,"Kuna","51","Sa01",3.75,"Mar",3.5,3,3.5,3.5,"marriage",4
"SB05",158,158,"Kuna","51","Sa01",3.75,"Sex",3.75,3.375,3.875,3,"sex",5
"SB05",158,158,"Kuna","51","Sa01",3.75,"FM",4,NA,NA,4,"funeral",6
"SC13",159,159,"Goajiro",NA,"Sb06",NA,"General",3.75,4,4,3.75,"law",1
"SC13",159,159,"Goajiro",NA,"Sb06",NA,"Soc",NA,NA,NA,NA,"social",2
"SC13",159,159,"Goajiro",NA,"Sb06",NA,"Gender",NA,NA,NA,NA,"gender",3
"SC13",159,159,"Goajiro",NA,"Sb06",NA,"Mar",NA,NA,NA,NA,"marriage",4
"SC13",159,159,"Goajiro",NA,"Sb06",NA,"Sex",NA,NA,NA,NA,"sex",5
"SC13",159,159,"Goajiro",NA,"Sb06",NA,"FM",NA,NA,NA,NA,"funeral",6
"SV03",160,160,"Haitians",NA,"Sb09",3.75,"General",3.75,4,4,4,"law",1
"SV03",160,160,"Haitians",NA,"Sb09",3.75,"Soc",3.75,4,4,NA,"social",2
"SV03",160,160,"Haitians",NA,"Sb09",3.75,"Gender",3,NA,NA,NA,"gender",3
"SV03",160,160,"Haitians",NA,"Sb09",3.75,"Mar",2.75,4,3,NA,"marriage",4
"SV03",160,160,"Haitians",NA,"Sb09",3.75,"Sex",2.75,3.25,4,1,"sex",5
"SV03",160,160,"Haitians",NA,"Sb09",3.75,"FM",4,4,4,4,"funeral",6
"SS18",162,162,"Warao",NA,"Sc01",1.75,"General",2.875,3.5,4,1.5,"law",1
"SS18",162,162,"Warao",NA,"Sc01",1.75,"Soc",1,1.5,1,NA,"social",2
"SS18",162,162,"Warao",NA,"Sc01",1.75,"Gender",1.75,NA,NA,2.25,"gender",3
"SS18",162,162,"Warao",NA,"Sc01",1.75,"Mar",2.375,3,3,NA,"marriage",4
"SS18",162,162,"Warao",NA,"Sc01",1.75,"Sex",2,3.625,3.625,2,"sex",5
"SS18",162,162,"Warao",NA,"Sc01",1.75,"FM",2.5,NA,NA,3.25,"funeral",6
"SQ18",163,163,"Yanoama","60","Sd09",2.25,"General",2,3,4,2,"law",1
"SQ18",163,163,"Yanoama","60","Sd09",2.25,"Soc",3.125,2.75,NA,NA,"social",2
"SQ18",163,163,"Yanoama","60","Sd09",2.25,"Gender",3.875,4,4,NA,"gender",3
"SQ18",163,163,"Yanoama","60","Sd09",2.25,"Mar",2.125,3,4,2,"marriage",4
"SQ18",163,163,"Yanoama","60","Sd09",2.25,"Sex",2.75,2.875,3.375,2,"sex",5
"SQ18",163,163,"Yanoama","60","Sd09",2.25,"FM",3.5,NA,4,NA,"funeral",6
"SR09",164,164,"Barama River Carib",NA,"Sc03",2.125,"General",2.125,2.375,3.5,3,"law",1
"SR09",164,164,"Barama River Carib",NA,"Sc03",2.125,"Soc",2.125,NA,1.5,NA,"social",2
"SR09",164,164,"Barama River Carib",NA,"Sc03",2.125,"Gender",2.625,NA,NA,NA,"gender",3
"SR09",164,164,"Barama River Carib",NA,"Sc03",2.125,"Mar",2.125,3,3.25,NA,"marriage",4
"SR09",164,164,"Barama River Carib",NA,"Sc03",2.125,"Sex",2,3.5,3.875,3,"sex",5
"SR09",164,164,"Barama River Carib",NA,"Sc03",2.125,"FM",2.5,3.625,2.625,2.25,"funeral",6
"SR15",165,165,"Saramaka","59","Sc06",3.75,"General",4,3.75,3.75,NA,"law",1
"SR15",165,165,"Saramaka","59","Sc06",3.75,"Soc",2.75,NA,NA,NA,"social",2
"SR15",165,165,"Saramaka","59","Sc06",3.75,"Gender",2.75,3,3,4,"gender",3
"SR15",165,165,"Saramaka","59","Sc06",3.75,"Mar",2.75,4,4,NA,"marriage",4
"SR15",165,165,"Saramaka","59","Sc06",3.75,"Sex",3,4,3,NA,"sex",5
"SR15",165,165,"Saramaka","59","Sc06",3.75,"FM",4,4,4,NA,"funeral",6
"SQ19",167,167,"Tukano","58","Se12",2.75,"General",2.75,2.125,2.875,3.375,"law",1
"SQ19",167,167,"Tukano","58","Se12",2.75,"Soc",2.875,1,2.125,3.625,"social",2
"SQ19",167,167,"Tukano","58","Se12",2.75,"Gender",3.125,2.5,3,3.5,"gender",3
"SQ19",167,167,"Tukano","58","Se12",2.75,"Mar",3.125,2,1.875,3.5,"marriage",4
"SQ19",167,167,"Tukano","58","Se12",2.75,"Sex",3,2,2.875,3.125,"sex",5
"SQ19",167,167,"Tukano","58","Se12",2.75,"FM",3.5,NA,NA,4,"funeral",6
"SD06",168,168,"Chachi",NA,"Sf03",4,"General",3.75,4,3.75,4,"law",1
"SD06",168,168,"Chachi",NA,"Sf03",4,"Soc",3.125,NA,NA,4,"social",2
"SD06",168,168,"Chachi",NA,"Sf03",4,"Gender",3.875,NA,NA,3.875,"gender",3
"SD06",168,168,"Chachi",NA,"Sf03",4,"Mar",4,4,4,4,"marriage",4
"SD06",168,168,"Chachi",NA,"Sf03",4,"Sex",4,4,4,4,"sex",5
"SD06",168,168,"Chachi",NA,"Sf03",4,"FM",3.875,4,3,4,"funeral",6
"SF05",172,172,"Aymara","53","Sf02",3,"General",3.75,3.75,3.25,2,"law",1
"SF05",172,172,"Aymara","53","Sf02",3,"Soc",3.75,4,4,2.25,"social",2
"SF05",172,172,"Aymara","53","Sf02",3,"Gender",3,NA,NA,NA,"gender",3
"SF05",172,172,"Aymara","53","Sf02",3,"Mar",1.25,NA,NA,2,"marriage",4
"SF05",172,172,"Aymara","53","Sf02",3,"Sex",2,3,3.25,NA,"sex",5
"SF05",172,172,"Aymara","53","Sf02",3,"FM",3.25,4,4,NA,"funeral",6
"SF21",173,173,"Sirionó",NA,"Se01",NA,"General",1,1,2,1,"law",1
"SF21",173,173,"Sirionó",NA,"Se01",NA,"Soc",2,1,1,1,"social",2
"SF21",173,173,"Sirionó",NA,"Se01",NA,"Gender",3,1,NA,NA,"gender",3
"SF21",173,173,"Sirionó",NA,"Se01",NA,"Mar",2,2,1,1,"marriage",4
"SF21",173,173,"Sirionó",NA,"Se01",NA,"Sex",2,2,NA,3,"sex",5
"SF21",173,173,"Sirionó",NA,"Se01",NA,"FM",3,NA,NA,NA,"funeral",6
"SP26",179,179,"Xavante",NA,"Sj11",1.875,"General",1.875,1,1.875,2,"law",1
"SP26",179,179,"Xavante",NA,"Sj11",1.875,"Soc",1.25,1,1,1,"social",2
"SP26",179,179,"Xavante",NA,"Sj11",1.875,"Gender",2.25,NA,NA,3,"gender",3
"SP26",179,179,"Xavante",NA,"Sj11",1.875,"Mar",2.25,NA,1,2.5,"marriage",4
"SP26",179,179,"Xavante",NA,"Sj11",1.875,"Sex",2.5,2,2.125,3,"sex",5
"SP26",179,179,"Xavante",NA,"Sj11",1.875,"FM",2.75,1,1,4,"funeral",6
"SM04",181,181,"Guaraní","56","Sj10",3,"General",2.875,NA,3.125,NA,"law",1
"SM04",181,181,"Guaraní","56","Sj10",3,"Soc",3,NA,3.25,NA,"social",2
"SM04",181,181,"Guaraní","56","Sj10",3,"Gender",3,NA,NA,NA,"gender",3
"SM04",181,181,"Guaraní","56","Sj10",3,"Mar",3,NA,NA,3,"marriage",4
"SM04",181,181,"Guaraní","56","Sj10",3,"Sex",NA,NA,NA,NA,"sex",5
"SM04",181,181,"Guaraní","56","Sj10",3,"FM",3,NA,NA,NA,"funeral",6
"SK15",182,182,"Enxet and Enlhet",NA,"Sh09",2,"General",2.25,3.25,4,2,"law",1
"SK15",182,182,"Enxet and Enlhet",NA,"Sh09",2,"Soc",1,NA,NA,NA,"social",2
"SK15",182,182,"Enxet and Enlhet",NA,"Sh09",2,"Gender",1.75,NA,NA,NA,"gender",3
"SK15",182,182,"Enxet and Enlhet",NA,"Sh09",2,"Mar",1.25,2,NA,NA,"marriage",4
"SK15",182,182,"Enxet and Enlhet",NA,"Sh09",2,"Sex",NA,NA,NA,NA,"sex",5
"SK15",182,182,"Enxet and Enlhet",NA,"Sh09",2,"FM",3.25,3,3,3.25,"funeral",6
"SG04",184,184,"Mapuche",NA,"Sg02",3,"General",3.25,3.75,3.75,4,"law",1
"SG04",184,184,"Mapuche",NA,"Sg02",3,"Soc",3,2.75,3.75,3,"social",2
"SG04",184,184,"Mapuche",NA,"Sg02",3,"Gender",2.75,3,3,4,"gender",3
"SG04",184,184,"Mapuche",NA,"Sg02",3,"Mar",2.25,3,2.75,4,"marriage",4
"SG04",184,184,"Mapuche",NA,"Sg02",3,"Sex",2.25,3.75,3.75,3,"sex",5
"SG04",184,184,"Mapuche",NA,"Sg02",3,"FM",3.75,4,4,4,"funeral",6
"SH05",185,185,"Tehuelche",NA,"Sg04",1,"General",1,NA,NA,4,"law",1
"SH05",185,185,"Tehuelche",NA,"Sg04",1,"Soc",1,1,NA,NA,"social",2
"SH05",185,185,"Tehuelche",NA,"Sg04",1,"Gender",2,NA,NA,NA,"gender",3
"SH05",185,185,"Tehuelche",NA,"Sg04",1,"Mar",1,NA,NA,NA,"marriage",4
"SH05",185,185,"Tehuelche",NA,"Sg04",1,"Sex",NA,NA,NA,NA,"sex",5
"SH05",185,185,"Tehuelche",NA,"Sg04",1,"FM",2.75,NA,NA,NA,"funeral",6
"SH06",186,186,"Yahgan",NA,"Sg01",2.875,"General",2.5,3.5,3.875,4,"law",1
"SH06",186,186,"Yahgan",NA,"Sg01",2.875,"Soc",3.625,3.5,3.125,4,"social",2
"SH06",186,186,"Yahgan",NA,"Sg01",2.875,"Gender",2.125,3,3.5,4,"gender",3
"SH06",186,186,"Yahgan",NA,"Sg01",2.875,"Mar",1.875,3,3.5,3.5,"marriage",4
"SH06",186,186,"Yahgan",NA,"Sg01",2.875,"Sex",3.5,4,3.875,2.625,"sex",5
"SH06",186,186,"Yahgan",NA,"Sg01",2.875,"FM",NA,NA,NA,NA,"funeral",6
"AD05",NA,201,"Taiwan Hokkien","26",NA,3.5,"General",3.625,4,3,3.375,"law",1
"AD05",NA,201,"Taiwan Hokkien","26",NA,3.5,"Soc",3.625,3.5,2.75,3.625,"social",2
"AD05",NA,201,"Taiwan Hokkien","26",NA,3.5,"Gender",2.875,NA,40,2.875,"gender",3
"AD05",NA,201,"Taiwan Hokkien","26",NA,3.5,"Mar",3.625,4,2.375,3.125,"marriage",4
"AD05",NA,201,"Taiwan Hokkien","26",NA,3.5,"Sex",3.5,4,2.625,3,"sex",5
"AD05",NA,201,"Taiwan Hokkien","26",NA,3.5,"FM",4,4,3,4,"funeral",6
"AR07",NA,202,"Khasi","29","Ei08",2.875,"General",3,4,2.875,2.875,"law",1
"AR07",NA,202,"Khasi","29","Ei08",2.875,"Soc",NA,NA,NA,NA,"social",2
"AR07",NA,202,"Khasi","29","Ei08",2.875,"Gender",4,4,NA,4,"gender",3
"AR07",NA,202,"Khasi","29","Ei08",2.875,"Mar",2.75,3.875,2.5,2.875,"marriage",4
"AR07",NA,202,"Khasi","29","Ei08",2.875,"Sex",NA,NA,NA,NA,"sex",5
"AR07",NA,202,"Khasi","29","Ei08",2.875,"FM",2.875,4,3.875,3,"funeral",6
"AX04",NA,203,"Sinhalese","22","Eh06",3,"General",3.25,3,3.375,2.75,"law",1
"AX04",NA,203,"Sinhalese","22","Eh06",3,"Soc",NA,NA,NA,NA,"social",2
"AX04",NA,203,"Sinhalese","22","Eh06",3,"Gender",3.5,3,2.875,2,"gender",3
"AX04",NA,203,"Sinhalese","22","Eh06",3,"Mar",2.875,3,2.875,2.875,"marriage",4
"AX04",NA,203,"Sinhalese","22","Eh06",3,"Sex",3,2.875,3.375,3,"sex",5
"AX04",NA,203,"Sinhalese","22","Eh06",3,"FM",3.625,NA,NA,NA,"funeral",6
"EF06",NA,204,"Serbs","19","Ch01",3,"General",2.125,2.25,2,2,"law",1
"EF06",NA,204,"Serbs","19","Ch01",3,"Soc",2.875,NA,NA,3,"social",2
"EF06",NA,204,"Serbs","19","Ch01",3,"Gender",3,NA,3,3,"gender",3
"EF06",NA,204,"Serbs","19","Ch01",3,"Mar",3,2,2.875,3,"marriage",4
"EF06",NA,204,"Serbs","19","Ch01",3,"Sex",3.125,2.875,3,3,"sex",5
"EF06",NA,204,"Serbs","19","Ch01",3,"FM",3.375,4,4,4,"funeral",6
"ES10",NA,205,"Highland Scots","18a",NA,3.25,"General",3.25,3.75,3.125,3.25,"law",1
"ES10",NA,205,"Highland Scots","18a",NA,3.25,"Soc",3.25,2.25,2.5,3.125,"social",2
"ES10",NA,205,"Highland Scots","18a",NA,3.25,"Gender",3.75,NA,NA,4,"gender",3
"ES10",NA,205,"Highland Scots","18a",NA,3.25,"Mar",3.75,3.875,3.375,4,"marriage",4
"ES10",NA,205,"Highland Scots","18a",NA,3.25,"Sex",3.75,4,3.5,3.25,"sex",5
"ES10",NA,205,"Highland Scots","18a",NA,3.25,"FM",4,NA,NA,4,"funeral",6
"FA16",NA,206,"Dogon","8","Ag03",3.125,"General",3.5,3.5,3.875,3,"law",1
"FA16",NA,206,"Dogon","8","Ag03",3.125,"Soc",3.125,3,2.125,2.5,"social",2
"FA16",NA,206,"Dogon","8","Ag03",3.125,"Gender",3.75,3.875,2,3.875,"gender",3
"FA16",NA,206,"Dogon","8","Ag03",3.125,"Mar",3,3,3,3,"marriage",4
"FA16",NA,206,"Dogon","8","Ag03",3.125,"Sex",3.625,2.25,3.25,2.625,"sex",5
"FA16",NA,206,"Dogon","8","Ag03",3.125,"FM",4,4,3.75,4,"funeral",6
"MS14",NA,207,"Kanuri","14","Cb19",NA,"General",NA,NA,NA,NA,"law",1
"MS14",NA,207,"Kanuri","14","Cb19",NA,"Soc",NA,NA,NA,NA,"social",2
"MS14",NA,207,"Kanuri","14","Cb19",NA,"Gender",NA,NA,NA,NA,"gender",3
"MS14",NA,207,"Kanuri","14","Cb19",NA,"Mar",NA,NA,NA,NA,"marriage",4
"MS14",NA,207,"Kanuri","14","Cb19",NA,"Sex",NA,NA,NA,NA,"sex",5
"MS14",NA,207,"Kanuri","14","Cb19",NA,"FM",NA,NA,NA,NA,"funeral",6
"MT09",NA,208,"Libyan Bedouin","16","Cd20",3,"General",2.625,3,2.875,3,"law",1
"MT09",NA,208,"Libyan Bedouin","16","Cd20",3,"Soc",NA,NA,NA,NA,"social",2
"MT09",NA,208,"Libyan Bedouin","16","Cd20",3,"Gender",2,NA,NA,NA,"gender",3
"MT09",NA,208,"Libyan Bedouin","16","Cd20",3,"Mar",3,NA,NA,NA,"marriage",4
"MT09",NA,208,"Libyan Bedouin","16","Cd20",3,"Sex",NA,NA,NA,NA,"sex",5
"MT09",NA,208,"Libyan Bedouin","16","Cd20",3,"FM",NA,NA,NA,NA,"funeral",6
"MW11",NA,209,"Shluh","15","Cd05",3,"General",3,3,3.625,2.5,"law",1
"MW11",NA,209,"Shluh","15","Cd05",3,"Soc",NA,NA,NA,NA,"social",2
"MW11",NA,209,"Shluh","15","Cd05",3,"Gender",3.375,NA,NA,NA,"gender",3
"MW11",NA,209,"Shluh","15","Cd05",3,"Mar",2.125,NA,4,3,"marriage",4
"MW11",NA,209,"Shluh","15","Cd05",3,"Sex",NA,NA,NA,NA,"sex",5
"MW11",NA,209,"Shluh","15","Cd05",3,"FM",NA,NA,NA,NA,"funeral",6
"NA12",NA,210,"Tlingit","43","Nb22",3.75,"General",3.875,3.375,3.625,3,"law",1
"NA12",NA,210,"Tlingit","43","Nb22",3.75,"Soc",3.125,3.5,3.25,3.125,"social",2
"NA12",NA,210,"Tlingit","43","Nb22",3.75,"Gender",3.125,NA,NA,NA,"gender",3
"NA12",NA,210,"Tlingit","43","Nb22",3.75,"Mar",3,2,2,3,"marriage",4
"NA12",NA,210,"Tlingit","43","Nb22",3.75,"Sex",3,3,3.5,39.875,"sex",5
"NA12",NA,210,"Tlingit","43","Nb22",3.75,"FM",4,4,4,4,"funeral",6
"NF06",NA,211,"Blackfoot","45","Ne12",NA,"General",NA,NA,NA,NA,"law",1
"NF06",NA,211,"Blackfoot","45","Ne12",NA,"Soc",NA,NA,NA,NA,"social",2
"NF06",NA,211,"Blackfoot","45","Ne12",NA,"Gender",NA,NA,NA,NA,"gender",3
"NF06",NA,211,"Blackfoot","45","Ne12",NA,"Mar",NA,NA,NA,NA,"marriage",4
"NF06",NA,211,"Blackfoot","45","Ne12",NA,"Sex",NA,NA,NA,NA,"sex",5
"NF06",NA,211,"Blackfoot","45","Ne12",NA,"FM",NA,NA,NA,NA,"funeral",6
"NM09",NA,212,"Iroquois","47","Ng10",3.75,"General",3.75,4,4,4,"law",1
"NM09",NA,212,"Iroquois","47","Ng10",3.75,"Soc",3,NA,2,NA,"social",2
"NM09",NA,212,"Iroquois","47","Ng10",3.75,"Gender",3.75,NA,3.5,3.875,"gender",3
"NM09",NA,212,"Iroquois","47","Ng10",3.75,"Mar",3,4,3.375,4,"marriage",4
"NM09",NA,212,"Iroquois","47","Ng10",3.75,"Sex",NA,NA,NA,NA,"sex",5
"NM09",NA,212,"Iroquois","47","Ng10",3.75,"FM",4,NA,NA,4,"funeral",6
"NT09",NA,213,"Hopi","48","Nh18",3.875,"General",3.75,3.875,3.875,4,"law",1
"NT09",NA,213,"Hopi","48","Nh18",3.875,"Soc",4,2,1.875,3,"social",2
"NT09",NA,213,"Hopi","48","Nh18",3.875,"Gender",4,NA,NA,4,"gender",3
"NT09",NA,213,"Hopi","48","Nh18",3.875,"Mar",3.5,4,4,3,"marriage",4
"NT09",NA,213,"Hopi","48","Nh18",3.875,"Sex",3.5,4,4,3.75,"sex",5
"NT09",NA,213,"Hopi","48","Nh18",3.875,"FM",4,4,4,4,"funeral",6
"NU33",NA,214,"Tarahumara","49","Ni01",3.75,"General",4,4,3.5,3.875,"law",1
"NU33",NA,214,"Tarahumara","49","Ni01",3.75,"Soc",3.875,3.5,3,3.625,"social",2
"NU33",NA,214,"Tarahumara","49","Ni01",3.75,"Gender",3.875,NA,3,3.75,"gender",3
"NU33",NA,214,"Tarahumara","49","Ni01",3.75,"Mar",2.75,2.375,2.25,2.875,"marriage",4
"NU33",NA,214,"Tarahumara","49","Ni01",3.75,"Sex",2.25,2.75,3,2,"sex",5
"NU33",NA,214,"Tarahumara","49","Ni01",3.75,"FM",3.5,4,3.875,4,"funeral",6
"NU44",NA,215,"Zapotec","50.b","Nj10",3,"General",2.75,3,3.125,2.375,"law",1
"NU44",NA,215,"Zapotec","50.b","Nj10",3,"Soc",3.5,2.5,2.875,3.625,"social",2
"NU44",NA,215,"Zapotec","50.b","Nj10",3,"Gender",3,3.25,3.125,3.125,"gender",3
"NU44",NA,215,"Zapotec","50.b","Nj10",3,"Mar",3.125,3.125,3.875,4,"marriage",4
"NU44",NA,215,"Zapotec","50.b","Nj10",3,"Sex",3.25,3.125,3.125,3.125,"sex",5
"NU44",NA,215,"Zapotec","50.b","Nj10",3,"FM",3.5,3.875,4,4,"funeral",6
"OQ06",NA,217,"Lau Fijians","39","Ih04",2.5,"General",3,2,2.875,2.875,"law",1
"OQ06",NA,217,"Lau Fijians","39","Ih04",2.5,"Soc",1.25,1.625,1.75,NA,"social",2
"OQ06",NA,217,"Lau Fijians","39","Ih04",2.5,"Gender",2.5,NA,NA,NA,"gender",3
"OQ06",NA,217,"Lau Fijians","39","Ih04",2.5,"Mar",2.375,2,1.625,39.5,"marriage",4
"OQ06",NA,217,"Lau Fijians","39","Ih04",2.5,"Sex",2.125,2,1.625,2,"sex",5
"OQ06",NA,217,"Lau Fijians","39","Ih04",2.5,"FM",3.125,3,2,3,"funeral",6
"RV02",NA,218,"Yakut","23","Ec02",NA,"General",NA,NA,NA,NA,"law",1
"RV02",NA,218,"Yakut","23","Ec02",NA,"Soc",NA,NA,NA,NA,"social",2
"RV02",NA,218,"Yakut","23","Ec02",NA,"Gender",NA,NA,NA,NA,"gender",3
"RV02",NA,218,"Yakut","23","Ec02",NA,"Mar",NA,NA,NA,NA,"marriage",4
"RV02",NA,218,"Yakut","23","Ec02",NA,"Sex",NA,NA,NA,NA,"sex",5
"RV02",NA,218,"Yakut","23","Ec02",NA,"FM",NA,NA,NA,NA,"funeral",6
"SC07",NA,219,"Kogi","52","Sb02",4,"General",3.875,4,4,3.375,"law",1
"SC07",NA,219,"Kogi","52","Sb02",4,"Soc",3.875,3.875,4,3.125,"social",2
"SC07",NA,219,"Kogi","52","Sb02",4,"Gender",4,4,4,3.375,"gender",3
"SC07",NA,219,"Kogi","52","Sb02",4,"Mar",3,2,4,1.875,"marriage",4
"SC07",NA,219,"Kogi","52","Sb02",4,"Sex",3.75,2.625,4,2.5,"sex",5
"SC07",NA,219,"Kogi","52","Sb02",4,"FM",4,NA,4,4,"funeral",6
"SH04",NA,220,"Ona","54","Sg03",4,"General",4,4,3.875,3.75,"law",1
"SH04",NA,220,"Ona","54","Sg03",4,"Soc",3.75,3.5,3.5,3.125,"social",2
"SH04",NA,220,"Ona","54","Sg03",4,"Gender",4,3,3.125,3.625,"gender",3
"SH04",NA,220,"Ona","54","Sg03",4,"Mar",3.5,4,3,3.5,"marriage",4
"SH04",NA,220,"Ona","54","Sg03",4,"Sex",3.25,3.875,3.875,3.875,"sex",5
"SH04",NA,220,"Ona","54","Sg03",4,"FM",4,3.625,4,4,"funeral",6
"SI07",NA,221,"Mataco","55","Sh01",3,"General",2.875,NA,3.375,NA,"law",1
"SI07",NA,221,"Mataco","55","Sh01",3,"Soc",1.25,1,1,2,"social",2
"SI07",NA,221,"Mataco","55","Sh01",3,"Gender",3.625,NA,2.5,4,"gender",3
"SI07",NA,221,"Mataco","55","Sh01",3,"Mar",2.125,NA,2,2,"marriage",4
"SI07",NA,221,"Mataco","55","Sh01",3,"Sex",2.875,4,4,3,"sex",5
"SI07",NA,221,"Mataco","55","Sh01",3,"FM",3.875,4,4,3.5,"funeral",6
"SO11",NA,222,"Bahia Brazilians","18b",NA,3.125,"General",3.125,2.125,2.875,3,"law",1
"SO11",NA,222,"Bahia Brazilians","18b",NA,3.125,"Soc",3.125,NA,40,NA,"social",2
"SO11",NA,222,"Bahia Brazilians","18b",NA,3.125,"Gender",3.125,2,2,3,"gender",3
"SO11",NA,222,"Bahia Brazilians","18b",NA,3.125,"Mar",3,NA,2,2.125,"marriage",4
"SO11",NA,222,"Bahia Brazilians","18b",NA,3.125,"Sex",2.875,2,2.625,2,"sex",5
"SO11",NA,222,"Bahia Brazilians","18b",NA,3.125,"FM",3.375,NA,NA,4,"funeral",6
"SP08",NA,223,"Bororo","57","Si01",NA,"General",NA,NA,NA,NA,"law",1
"SP08",NA,223,"Bororo","57","Si01",NA,"Soc",NA,NA,NA,NA,"social",2
"SP08",NA,223,"Bororo","57","Si01",NA,"Gender",NA,NA,NA,NA,"gender",3
"SP08",NA,223,"Bororo","57","Si01",NA,"Mar",NA,NA,NA,NA,"marriage",4
"SP08",NA,223,"Bororo","57","Si01",NA,"Sex",NA,NA,NA,NA,"sex",5
"SP08",NA,223,"Bororo","57","Si01",NA,"FM",NA,NA,NA,NA,"funeral",6
